{
  "title": "animation-direction",
  "attr": [
    {
      "name": "Values",
      "content": "[ normal | reverse | alternate | alternate-reverse ]#"
    },
    {
      "name": "Initial value",
      "content": "normal"
    },
    {
      "name": "Applies to",
      "content": "All elements, ::before and ::after pseudo-elements"
    },
    {
      "name": "Computed value",
      "content": "As specified"
    },
    {
      "name": "Inherited",
      "content": "No"
    },
    {
      "name": "Animatable",
      "content": "No"
    }
  ]
}
