{
  "title": "animation-name",
  "attr": [
    {
      "name": "Values",
      "content": "[ <single-animation-name> | none ]#"
    },
    {
      "name": "Initial value",
      "content": "none"
    },
    {
      "name": "Applies to",
      "content": "All elements, ::before and ::after pseudo-elements"
    },
    {
      "name": "Computed value",
      "content": "As specified"
    },
    {
      "name": "Inherited",
      "content": "No"
    },
    {
      "name": "Animatable",
      "content": "No"
    }
  ]
}
