{
  "title": "background-blend-mode",
  "attr": [
    {
      "name": "Values",
      "content": "[ normal | multiply | screen | overlay | darken | lighten | colordodge | color-burn | hard-light | soft-light | difference | exclusion | hue | saturation | color | luminosity]#"
    },
    {
      "name": "Initial value",
      "content": "normal"
    },
    {
      "name": "Applies to",
      "content": "All elements"
    },
    {
      "name": "Computed value",
      "content": "As declared"
    },
    {
      "name": "Inherited",
      "content": "No"
    },
    {
      "name": "Animatable",
      "content": "No"
    }
  ]
}
