{
  "title": "background-clip",
  "attr": [
    {
      "name": "Values",
      "content": "[ border-box | padding-box | content-box | text ]#"
    },
    {
      "name": "Initial value",
      "content": "border-box"
    },
    {
      "name": "Applies to",
      "content": "All elements"
    },
    {
      "name": "Computed value",
      "content": "As specified"
    },
    {
      "name": "Inherited",
      "content": "No"
    },
    {
      "name": "Animatable",
      "content": "No"
    }
  ]
}
