{
  "title": "background-size",
  "attr": [
    {
      "name": "Values",
      "content": "[ [ <length> | <percentage> | auto ]{1,2} | cover | contain ]#"
    },
    {
      "name": "Initial value",
      "content": "auto"
    },
    {
      "name": "Applies to",
      "content": "All elements"
    },
    {
      "name": "Computed value",
      "content": "As declared, except all lengths made absolute and any missing auto “keywords” added"
    },
    {
      "name": "Inherited",
      "content": "No"
    },
    {
      "name": "Animatable",
      "content": "Yes"
    }
  ]
}
