{
  "title": "border",
  "attr": [
    {
      "name": "Values",
      "content": "[ <border-width> ‖ <border-style> ‖ <border-color> ]"
    },
    {
      "name": "Initial value",
      "content": "Refer to individual properties"
    },
    {
      "name": "Applies to",
      "content": "All elements"
    },
    {
      "name": "Computed value",
      "content": "As specified"
    },
    {
      "name": "Inherited",
      "content": "No"
    },
    {
      "name": "Animatable",
      "content": "See individual properties"
    }
  ]
}
