{
  "title": "clip-path",
  "attr": [
    {
      "name": "Values",
      "content": "none | <url> | [ [ inset() | circle() | ellipse() | polygon() ] ‖ [ borderbox | padding-box | content-box | margin-box | fill-box | strokebox | view-box ] ]"
    },
    {
      "name": "Initial value",
      "content": "none"
    },
    {
      "name": "Applies to",
      "content": "All elements (in SVG, applies to all graphics elements and all container elements except the <defs>element)"
    },
    {
      "name": "Computed value",
      "content": "As declared"
    },
    {
      "name": "Inherited",
      "content": "No"
    },
    {
      "name": "Animatable",
      "content": "Yes for inset(), circle(), ellipse(), and polygon()"
    }
  ]
}
