{
  "title": "filter",
  "attr": [
    {
      "name": "Values",
      "content": "[ none | blur() | brightness() | contrast() | drop-shadow() | gray scale() | hue-rotate() | invert() | opacity() | sepia() | satu rate() | url() ]#"
    },
    {
      "name": "Initial value",
      "content": "none"
    },
    {
      "name": "Applies to",
      "content": "All elements (in SVG, applies to all graphics elements and all container elements except the <defs>element)"
    },
    {
      "name": "Computed value",
      "content": "As declared"
    },
    {
      "name": "Inherited",
      "content": "No"
    },
    {
      "name": "Animatable",
      "content": "Yes"
    }
  ]
}
