{
  "title": "flex",
  "attr": [
    {
      "name": "Values",
      "content": "[ <flex-grow> <flex-shrink>? ‖ <flex-basis> ] | none"
    },
    {
      "name": "Initial value",
      "content": "0 1 auto"
    },
    {
      "name": "Applies to",
      "content": "Flex items (children of flex containers)"
    },
    {
      "name": "Percentages",
      "content": "Valid for flex-basis value only, relative to element’s parent’s inner main-axis size"
    },
    {
      "name": "Computed value",
      "content": "Refer to individual properties"
    },
    {
      "name": "Inherited",
      "content": "No"
    },
    {
      "name": "Animatable",
      "content": "See individual properties"
    }
  ]
}
