{
  "title": "grid-row, grid-column",
  "attr": [
    {
      "name": "Values",
      "content": "<grid-line> [ / <grid-line> ]?"
    },
    {
      "name": "Initial value",
      "content": "auto"
    },
    {
      "name": "Applies to",
      "content": "Grid items and absolutely positioned elements, if their containing block is a grid container"
    },
    {
      "name": "Computed value",
      "content": "As declared"
    },
    {
      "name": "Inherited",
      "content": "No"
    },
    {
      "name": "Animatable",
      "content": "No"
    }
  ]
}
