{
  "title": "grid-row-start, grid-row-end, grid-column-start, grid-column-end",
  "attr": [
    {
      "name": "Values",
      "content": "auto | <custom-ident> | [ <integer> && <custom-ident>? ] | [ span && [ <integer> ‖ <custom-ident> ]]"
    },
    {
      "name": "Initial value",
      "content": "auto"
    },
    {
      "name": "Applies to",
      "content": "Grid items and absolutely positioned elements, if their containing block is a grid container"
    },
    {
      "name": "Computed value",
      "content": "As declared"
    },
    {
      "name": "Inherited",
      "content": "No"
    },
    {
      "name": "Animatable",
      "content": "No"
    }
  ]
}
