{
  "title": "line-height",
  "attr": [
    {
      "name": "Values",
      "content": "<number> | <length> | <percentage> | normal"
    },
    {
      "name": "Initial value",
      "content": "normal"
    },
    {
      "name": "Applies to",
      "content": "All elements (but see text regarding replaced and block-level elements)"
    },
    {
      "name": "Percentages",
      "content": "Relative to the font size of the element"
    },
    {
      "name": "Computed value",
      "content": "For length and percentage values, the absolute value; otherwise, as specified"
    },
    {
      "name": "Inherited",
      "content": "Yes"
    },
    {
      "name": "Animatable",
      "content": "Yes"
    }
  ]
}
