{
  "title": "margin-top, margin-right, margin-bottom, margin-left",
  "attr": [
    {
      "name": "Values",
      "content": "<length> | <percentage> | auto"
    },
    {
      "name": "Initial value",
      "content": "0"
    },
    {
      "name": "Applies to",
      "content": "All elements"
    },
    {
      "name": "Percentages",
      "content": "Refer to the width of the containing block"
    },
    {
      "name": "Computed value",
      "content": "For percentages, as specified; otherwise, the absolute length"
    },
    {
      "name": "Inherited",
      "content": "No"
    },
    {
      "name": "Animatable",
      "content": "Yes"
    }
  ]
}
