{
  "title": "mask-composite",
  "attr": [
    {
      "name": "Values",
      "content": "[ add | subtract | intersect | exclude ]#"
    },
    {
      "name": "Initial value",
      "content": "add"
    },
    {
      "name": "Applies to",
      "content": "All elements (in SVG, applies to all graphics elements and all container elements except the <defs>element)"
    },
    {
      "name": "Computed value",
      "content": "As declared"
    },
    {
      "name": "Inherited",
      "content": "No"
    },
    {
      "name": "Animatable",
      "content": "No"
    }
  ]
}
