{
  "title": "mask-mode",
  "attr": [
    {
      "name": "Values",
      "content": "[ alpha | luminance | match-source ]#"
    },
    {
      "name": "Initial value",
      "content": "match-source"
    },
    {
      "name": "Applies to",
      "content": "All elements (in SVG, applies to all graphics elements and all container elements except the <defs>element)"
    },
    {
      "name": "Computed value",
      "content": "As declared"
    },
    {
      "name": "Inherited",
      "content": "No"
    },
    {
      "name": "Animatable",
      "content": "No"
    }
  ]
}
