{
  "title": "mask-image",
  "attr": [
    {
      "name": "Values",
      "content": "[ none | <image> | <mask-source> ]#"
    },
    {
      "name": "Initial value",
      "content": "none"
    },
    {
      "name": "Applies to",
      "content": "All elements (in SVG, applies to all graphics elements and all container elements exceptthe <defs>element)"
    },
    {
      "name": "Computed value",
      "content": "As declared"
    },
    {
      "name": "Inherited",
      "content": "No"
    },
    {
      "name": "Animatable",
      "content": "No"
    },
    {
      "name": "Notes",
      "content": "An <image> is any of the value types <url>, <image()>, <image-set()>, <element()>, <cross-fade()>, or <gradient> (all dened elsewhere in the book); <mask-source> is a url() that points to a <mask> element in an SVG image"
    }
  ]
}
