{
  "title": "mask",
  "attr": [
    {
      "name": "Values",
      "content": "[ <mask-image> ‖ <mask-position> [ / <mask-size> ]? ‖ <mask-repeat> ‖ <maskclip> ‖ <mask-origin> ‖ <mask-composite> ‖ <mask-mode> ]#"
    },
    {
      "name": "Initial value",
      "content": "See individual properties"
    },
    {
      "name": "Applies to",
      "content": "All elements (in SVG, applies to all graphics elements and all container elements except the <defs>element)"
    },
    {
      "name": "Computed value",
      "content": "As declared"
    },
    {
      "name": "Inherited",
      "content": "No"
    },
    {
      "name": "Animatable",
      "content": "Refer to individual properties"
    }
  ]
}
