{
  "title": "mask-position",
  "attr": [
    {
      "name": "Values",
      "content": "<position>#"
    },
    {
      "name": "Initial value",
      "content": "0% 0%"
    },
    {
      "name": "Applies to",
      "content": "All elements (in SVG, applies to all graphics elements and all container elements except the <defs>element)"
    },
    {
      "name": "Computed value",
      "content": "As declared"
    },
    {
      "name": "Inherited",
      "content": "No"
    },
    {
      "name": "Animatable",
      "content": "<length>, <percentage>"
    },
    {
      "name": "Notes",
      "content": "<position> is exactly the same as the values permitted for backgroundposition, and has the same behaviors"
    }
  ]
}
