{
  "title": "padding",
  "attr": [
    {
      "name": "Values",
      "content": "[ <length> | <percentage> ]{1,4}"
    },
    {
      "name": "Initial value",
      "content": "Not defined for shorthand elements"
    },
    {
      "name": "Applies to",
      "content": "All elements"
    },
    {
      "name": "Percentages",
      "content": "Refer to the width of the containing block"
    },
    {
      "name": "Computed value",
      "content": "See individual properties (padding-top, etc.)"
    },
    {
      "name": "Inherited",
      "content": "No"
    },
    {
      "name": "Animatable",
      "content": "Yes"
    },
    {
      "name": "Note",
      "content": "padding can never be negative"
    }
  ]
}
