{
  "title": "padding-top, padding-right, padding-bottom, padding-left",
  "attr": [
    {
      "name": "Values",
      "content": "<length> | <percentage>"
    },
    {
      "name": "Initial value",
      "content": "0"
    },
    {
      "name": "Applies to",
      "content": "All elements"
    },
    {
      "name": "Percentages",
      "content": "Refer to the width of the containing block"
    },
    {
      "name": "Computed value",
      "content": "For percentage values, as specified; for length values, the absolute length"
    },
    {
      "name": "Inherited",
      "content": "No"
    },
    {
      "name": "Animatable",
      "content": "Yes"
    },
    {
      "name": "Note",
      "content": "padding can never be negative"
    }
  ]
}
